misspelled_word,correct_word
ldeger,ledger
finnace,finance
validtaion,validation
password,password
laon,loan
witdhrawal,withdrawal
savinsg,savings
proift,profit
paymetn,payment
balacne,balance
saivngs,savings
scheudle,schedule
psasword,password
wier,wire
paymetn,payment
tax,tax
guaarntee,guarantee
pamyent,payment
valiadtion,validation
depsoit,deposit
mobiel,mobile
shcedule,schedule
bnak,bank
insuranec,insurance
psasword,password
auhtentication,authentication
beneficiayr,beneficiary
portfoilo,portfolio
chrage,charge
liimt,limit
mortagge,mortgage
portfoloi,portfolio
dveice,device
csah,cash
usre,user
fruad,fraud
beenficiary,beneficiary
bugdet,budget
benefiicary,beneficiary
vocuher,voucher
trnasaction,transaction
wallet,wallet
depoist,deposit
receitp,receipt
deposti,deposit
investmnet,investment
liimt,limit
tax,tax
portoflio,portfolio
barnch,branch
finanec,finance
sepnding,spending
ugprade,upgrade
svaings,savings
cahs,cash
rsik,risk
fradu,fraud
uesr,user
bill,bill
branhc,branch
crad,card
valiadtion,validation
tarnsfer,transfer
gatewya,gateway
deviec,device
perosnal,personal
uesr,user
fese,fees
bnak,bank
bill,bill
depsoit,deposit
chagre,charge
fiannce,finance
custmoer,customer
balnace,balance
riks,risk
ldeger,ledger
bakn,bank
withdarwal,withdrawal
pin,pin
finnace,finance
secuirty,security
debti,debit
payemnt,payment
persnoal,personal
sttaement,statement
dgiital,digital
budgte,budget
salayr,salary
deviec,device
savnigs,savings
vlaidation,validation
rceeipt,receipt
account,account
registratoin,registration
blaance,balance
bnak,bank
truts,trust
chrage,charge
wrie,wire
inusrance,insurance
deviec,device
casbhack,cashback
tax,tax
bakn,bank
ldeger,ledger
rceeipt,receipt
otp,otp
ledgre,ledger
auhtentication,authentication
bnak,bank
ntoification,notification
pyament,payment
baalnce,balance
validaiton,validation
remitatnce,remittance
bnak,bank
accuont,account
balanec,balance
deivce,device
tax,tax
truts,trust
tokne,token
withdrawla,withdrawal
interets,interest
porfit,profit
cadr,card
perosnal,personal
fnud,fund
voucehr,voucher
paymetn,payment
bakn,bank
paymnet,payment
lona,loan
supoprt,support
mortagge,mortgage
transactoin,transaction
auhtentication,authentication
accuont,account
vlaidation,validation
tax,tax
installemnt,installment
statemnet,statement
cusotmer,customer
cadr,card
fudn,fund
protfolio,portfolio
blaance,balance
gateawy,gateway
transcation,transaction
tax,tax
cahrge,charge
lona,loan
depsoit,deposit
mortgaeg,mortgage
transactoin,transaction
wtihdrawal,withdrawal
valiadtion,validation
app,app
mortgaeg,mortgage
tax,tax
rtae,rate
investmetn,investment
inevstment,investment
lcok,lock
deposti,deposit
branhc,branch
tranasction,transaction
transcation,transaction
gateawy,gateway
csah,cash
spuport,support
trasnaction,transaction
personla,personal
savinsg,savings
insuracne,insurance
csah,cash
reigstration,registration
passwodr,password
bneeficiary,beneficiary
trasnaction,transaction
benfeiciary,beneficiary
shcedule,schedule
inteerst,interest
validaiton,validation
vouchre,voucher
budegt,budget
wier,wire
vuocher,voucher
documnet,document
wrie,wire
protfolio,portfolio
rsik,risk
overdratf,overdraft
trasnaction,transaction
ivnestment,investment
wier,wire
otp,otp
support,support
tax,tax
fese,fees
pin,pin
statemetn,statement
registratino,registration
baalnce,balance
itnerest,interest
chagre,charge
gatewya,gateway
cutsomer,customer
installmetn,installment
porfit,profit
potrfolio,portfolio
crad,card
withdarw,withdraw
mrotgage,mortgage
cahs,cash
fudn,fund
wrie,wire
remittacne,remittance
vaildation,validation
statemetn,statement
riks,risk
isnurance,insurance
otp,otp
riks,risk
pamyent,payment
otp,otp
presonal,personal
legder,ledger
truts,trust
lcok,lock
portfloio,portfolio
beneficiray,beneficiary
lmiit,limit
toekn,token
bakn,bank
withdraawl,withdrawal
mobiel,mobile
ledgre,ledger
deibt,debit
savnigs,savings
intreest,interest
vaildation,validation
moible,mobile
transcation,transaction
rceeipt,receipt
currecny,currency
acocunt,account
acocunt,account
bakn,bank
gtaeway,gateway
accoutn,account
schedlue,schedule
paymetn,payment
supprot,support
refudn,refund
insurnace,insurance
presonal,personal
securiyt,security
validtaion,validation
fees,fees
withdrwaal,withdrawal
recepit,receipt
transcation,transaction
authnetication,authentication
transcation,transaction
pin,pin
chqeue,cheque
tranasction,transaction
tranfser,transfer
wier,wire
lona,loan
bnak,bank
tranasction,transaction
fudn,fund
deopsit,deposit
validatino,validation
tax,tax
usre,user
profti,profit
insatllment,installment
tarnsaction,transaction
proetction,protection
dashbaord,dashboard
curerncy,currency
sepnding,spending
bouns,bonus
dashobard,dashboard
securtiy,security
currenyc,currency
balanec,balance
uesr,user
fruad,fraud
csah,cash
reufnd,refund
trnasaction,transaction
cadr,card
otp,otp
withdarwal,withdrawal
wtihdraw,withdraw
passwrod,password
wihtdraw,withdraw
vouhcer,voucher
guaarntee,guarantee
wihtdraw,withdraw
bakn,bank
pin,pin
receitp,receipt
crurency,currency
mboile,mobile
pin,pin
tax,tax
svaings,savings
recepit,receipt
tax,tax
persoanl,personal
payemnt,payment
guarnatee,guarantee
currecny,currency
lona,loan
chagre,charge
saalry,salary
wier,wire
ledegr,ledger
fnud,fund
trasnaction,transaction
crurency,currency
ledegr,ledger
overrdaft,overdraft
limti,limit
fnud,fund
authetnication,authentication
cutsomer,customer
authenticaiton,authentication
blil,bill
remitatnce,remittance
wihtdrawal,withdrawal
wrie,wire
wallet,wallet
interset,interest
cadr,card
deibt,debit
chrage,charge
registratino,registration
stateemnt,statement
securtiy,security
app,app
lona,loan
spendign,spending
itnerest,interest
digiatl,digital
withdrwa,withdraw
staetment,statement
protcetion,protection
lcok,lock
usre,user
trasnaction,transaction
autehntication,authentication
digitla,digital
validaiton,validation
otp,otp
mortagge,mortgage
validtaion,validation
atuhentication,authentication
bnak,bank
validaiton,validation
riks,risk
raet,rate
transatcion,transaction
bugdet,budget
dveice,device
tax,tax
digitla,digital
fees,fees
deposti,deposit
withrdawal,withdrawal
witdhraw,withdraw
lona,loan
onilne,online
fees,fees
guaranete,guarantee
fniance,finance
lokc,lock
bakn,bank
rmeittance,remittance
withrdawal,withdrawal
wallte,wallet
fudn,fund
wier,wire
slaary,salary
cahs,cash
valiadtion,validation
transactoin,transaction
otp,otp
potrfolio,portfolio
salayr,salary
branhc,branch
schdeule,schedule
rsik,risk
vuocher,voucher
mortggae,mortgage
validatino,validation
securtiy,security
docmuent,document
bugdet,budget
transactino,transaction
sttaement,statement
noitfication,notification
blil,bill
transatcion,transaction
spneding,spending
bnak,bank
guaarntee,guarantee
ovredraft,overdraft
rsik,risk
perosnal,personal
rgeistration,registration
blaance,balance
crad,card
accoutn,account
moible,mobile
vlaidation,validation
transcation,transaction
bnak,bank
pin,pin
lmiit,limit
wallet,wallet
laon,loan
overdrfat,overdraft
vuocher,voucher
insurnace,insurance
balacne,balance
rceeipt,receipt
tax,tax
tranfser,transfer
wier,wire
authenticaiton,authentication
transfre,transfer
bnak,bank
isntallment,installment
lokc,lock
bill,bill
witdhrawal,withdrawal
olnine,online
fees,fees
cashbcak,cashback
overdrfat,overdraft
staetment,statement
insuranec,insurance
app,app
scheudle,schedule
cadr,card
intsallment,installment
investemnt,investment
casbhack,cashback
insuranec,insurance
cadr,card
app,app
beneficiray,beneficiary
cashabck,cashback
saivngs,savings
isnurance,insurance
blil,bill
beneficiray,beneficiary
inetrest,interest
inteerst,interest
mortggae,mortgage
transfre,transfer
liimt,limit
balnace,balance
dasbhoard,dashboard
pin,pin
mobiel,mobile
wrie,wire
fudn,fund
beneficiray,beneficiary
beneficiray,beneficiary
rtae,rate
bnak,bank
reigstration,registration
prtoection,protection
insruance,insurance
passwrod,password
invetsment,investment
custoemr,customer
paymetn,payment
turst,trust
blil,bill
currency,currency
doucment,document
guaranete,guarantee
transactino,transaction
rfeund,refund
fees,fees
personla,personal
riks,risk
portection,protection
refudn,refund
account,account
ledegr,ledger
fees,fees
notifiaction,notification
deopsit,deposit
salray,salary
bugdeting,budgeting
reufnd,refund
payemnt,payment
crad,card
pin,pin
inevstment,investment
app,app
fniance,finance
saalry,salary
authentictaion,authentication
interets,interest
transactino,transaction
interset,interest
mrotgage,mortgage
toekn,token
spuport,support
investmnet,investment
pesronal,personal
cahs,cash
lona,loan
barnch,branch
budgte,budget
refudn,refund
crad,card
notifiaction,notification
transcation,transaction
paymetn,payment
trsut,trust
beneficiray,beneficiary
mboile,mobile
bnak,bank
stateemnt,statement
withdrwa,withdraw
statmeent,statement
valdiation,validation
benefiicary,beneficiary
withdrawla,withdrawal
insuracne,insurance
onilne,online
casbhack,cashback
cahs,cash
insurnace,insurance
dveice,device
trsut,trust
tokne,token
mrotgage,mortgage
mrotgage,mortgage
crurency,currency
transatcion,transaction
wier,wire
creidt,credit
balnace,balance
bnak,bank
bugdet,budget
cehque,cheque
pin,pin
cheqeu,cheque
balanec,balance
bouns,bonus
mrotgage,mortgage
rsik,risk
vuocher,voucher
chagre,charge
finnace,finance
withdraawl,withdrawal
guaratnee,guarantee
recepit,receipt
installment,installment
wtihdrawal,withdrawal
tranfser,transfer
uesr,user
bouns,bonus
portfloio,portfolio
valdiation,validation
depoist,deposit
savnigs,savings
overdarft,overdraft
blil,bill
bugdeting,budgeting
recepit,receipt
tax,tax
csutomer,customer
investmetn,investment
validatoin,validation
depsoit,deposit
app,app
beneficairy,beneficiary
rsik,risk
beneficiayr,beneficiary
itnerest,interest
statemnet,statement
limti,limit
autehntication,authentication
trsut,trust
supoprt,support
vaildation,validation
scheudle,schedule
finanec,finance
tranasction,transaction
withdraawl,withdrawal
regitsration,registration
securiyt,security
olnine,online
registrtaion,registration
tranasction,transaction
pesronal,personal
cehque,cheque
wlalet,wallet
app,app
debti,debit
fese,fees
savigns,savings
notificaiton,notification
blil,bill
fese,fees
wrie,wire
balnace,balance
wrie,wire
withrdaw,withdraw
refnud,refund
regisrtation,registration
morgtage,mortgage
wallte,wallet
app,app
budgte,budget
pin,pin
fese,fees
docmuent,document
currency,currency
deibt,debit
ivnestment,investment
beneficiray,beneficiary
porftolio,portfolio
wier,wire
tkoen,token
wier,wire
validatoin,validation
chrage,charge
insurnace,insurance
bdugeting,budgeting
perosnal,personal
pin,pin
accoutn,account
password,password
withdrwa,withdraw
rmeittance,remittance
accuont,account
bonsu,bonus
psasword,password
lmiit,limit
wallte,wallet
olnine,online
rfeund,refund
uesr,user
raet,rate
withdrwaal,withdrawal
baalnce,balance
usre,user
uesr,user
dasbhoard,dashboard
insuracne,insurance
porfit,profit
upgrdae,upgrade
turst,trust
svaings,savings
guaratnee,guarantee
rsik,risk
pamyent,payment
saalry,salary
oevrdraft,overdraft
ugprade,upgrade
mrotgage,mortgage
guarnatee,guarantee
persnoal,personal
rsik,risk
guarantee,guarantee
accoutn,account
withdraawl,withdrawal
insruance,insurance
notfiication,notification
receitp,receipt
guaratnee,guarantee
vouhcer,voucher
ivnestment,investment
budegting,budgeting
fese,fees
statemnet,statement
vlaidation,validation
withdrwaal,withdrawal
insuranec,insurance
bneeficiary,beneficiary
csah,cash
moblie,mobile
bakn,bank
chqeue,cheque
lona,loan
tranfser,transfer
beneficairy,beneficiary
mobiel,mobile
tax,tax
installemnt,installment
vuocher,voucher
onlnie,online
supoprt,support
validaiton,validation
supoprt,support
beneficiray,beneficiary
trasnfer,transfer
bakn,bank
budgetnig,budgeting
fudn,fund
wier,wire
overdrfat,overdraft
wrie,wire
gaetway,gateway
cadr,card
crad,card
pin,pin
ovedrraft,overdraft
lona,loan
secuirty,security
inevstment,investment
accoutn,account
morgtage,mortgage
balnace,balance
remittacne,remittance
currnecy,currency
blil,bill
app,app
wtihdrawal,withdrawal
crad,card
devcie,device
persnoal,personal
porfit,profit
wallet,wallet
pyament,payment
fruad,fraud
chareg,charge
stateemnt,statement
rtae,rate
vouhcer,voucher
beenficiary,beneficiary
remitatnce,remittance
withdrwaal,withdrawal
investmetn,investment
ovredraft,overdraft
brnach,branch
tarnsfer,transfer
wrie,wire
wrie,wire
persoanl,personal
registratoin,registration
statemnet,statement
usre,user
cadr,card
limti,limit
cehque,cheque
inetrest,interest
overrdaft,overdraft
reecipt,receipt
doucment,document
lcok,lock
spedning,spending
limti,limit
rfeund,refund
paswsord,password
bonsu,bonus
wtihdraw,withdraw
payemnt,payment
lokc,lock
moblie,mobile
prfoit,profit
paymetn,payment
ntoification,notification
withrdaw,withdraw
laon,loan
fruad,fraud
crad,card
reufnd,refund
vuocher,voucher
bnous,bonus
account,account
proetction,protection
csutomer,customer
autehntication,authentication
bakn,bank
devcie,device
withdrwaal,withdrawal
cadr,card
laon,loan
devcie,device
guaratnee,guarantee
inetrest,interest
onlnie,online
fese,fees
reciept,receipt
csah,cash
psasword,password
remitatnce,remittance
dpeosit,deposit
ivnestment,investment
curerncy,currency
rfeund,refund
refnud,refund
tax,tax
cheqeu,cheque
ugprade,upgrade
pin,pin
rfeund,refund
pesronal,personal
cadr,card
cashbcak,cashback
crad,card
gaetway,gateway
paymetn,payment
investmnet,investment
withrdawal,withdrawal
autehntication,authentication
invsetment,investment
interets,interest
staetment,statement
portfloio,portfolio
crad,card
wrie,wire
bouns,bonus
moblie,mobile
authentiaction,authentication
benefiicary,beneficiary
rtae,rate
ivnestment,investment
fnud,fund
custmoer,customer
statemetn,statement
cutsomer,customer
savnigs,savings
dbeit,debit
investmetn,investment
bnak,bank
authnetication,authentication
securiyt,security
vouchre,voucher
onlien,online
notificatoin,notification
chqeue,cheque
rtae,rate
mortggae,mortgage
spendign,spending
guaarntee,guarantee
diigtal,digital
toekn,token
receitp,receipt
raet,rate
spendnig,spending
csahback,cashback
fniance,finance
savigns,savings
curerncy,currency
wrie,wire
dashobard,dashboard
truts,trust
notificaiton,notification
crdeit,credit
baalnce,balance
rtae,rate
ledgre,ledger
paymnet,payment
vouchre,voucher
walelt,wallet
crad,card
transactino,transaction
bakn,bank
bduget,budget
bill,bill
fees,fees
gaurantee,guarantee
motrgage,mortgage
proetction,protection
usre,user
investemnt,investment
intreest,interest
tax,tax
dbeit,debit
tax,tax
voucehr,voucher
deposti,deposit
crad,card
notfiication,notification
validtaion,validation
chagre,charge
raet,rate
wier,wire
chagre,charge
bnous,bonus
blil,bill
pamyent,payment
savigns,savings
cashbakc,cashback
valdiation,validation
bill,bill
trnasaction,transaction
turst,trust
portfloio,portfolio
slaary,salary
blaance,balance
bnous,bonus
bakn,bank
vouhcer,voucher
otp,otp
support,support
bonsu,bonus
balanec,balance
transatcion,transaction
savnigs,savings
depoist,deposit
beneficiayr,beneficiary
debti,debit
dgiital,digital
liimt,limit
rsik,risk
app,app
portfoloi,portfolio
blil,bill
diigtal,digital
statemetn,statement
cutsomer,customer
tax,tax
liimt,limit
auhtentication,authentication
balanec,balance
voucehr,voucher
auhtentication,authentication
bnak,bank
docmuent,document
inetrest,interest
portfloio,portfolio
usre,user
truts,trust
saivngs,savings
bakn,bank
riks,risk
portfoloi,portfolio
withdarwal,withdrawal
voucehr,voucher
mortagge,mortgage
tokne,token
shcedule,schedule
currenyc,currency
inetrest,interest
spendign,spending
transactoin,transaction
inevstment,investment
deposti,deposit
wier,wire
ldeger,ledger
wrie,wire
secruity,security
transatcion,transaction
casbhack,cashback
wihtdrawal,withdrawal
reimttance,remittance
cadr,card
crad,card
bneeficiary,beneficiary
dbeit,debit
authentciation,authentication
securtiy,security
withrdawal,withdrawal
tax,tax
balacne,balance
payemnt,payment
regsitration,registration
fruad,fraud
notifciation,notification
fese,fees
paymnet,payment
budegt,budget
olnine,online
bnak,bank
acocunt,account
app,app
fiannce,finance
proetction,protection
shcedule,schedule
raet,rate
currency,currency
finacne,finance
depsoit,deposit
valiadtion,validation
dcoument,document
interset,interest
limti,limit
reigstration,registration
upgarde,upgrade
voucehr,voucher
liimt,limit
bakn,bank
dcoument,document
withdrwaal,withdrawal
ugprade,upgrade
mortagge,mortgage
chrage,charge
gtaeway,gateway
portfoloi,portfolio
personla,personal
balnace,balance
schedlue,schedule
farud,fraud
investemnt,investment
scehdule,schedule
wier,wire
tax,tax
cerdit,credit
tax,tax
transatcion,transaction
branhc,branch
crdeit,credit
isnurance,insurance
inteerst,interest
documetn,document
persnoal,personal
mrotgage,mortgage
wallte,wallet
tax,tax
beenficiary,beneficiary
bneeficiary,beneficiary
blaance,balance
balacne,balance
reufnd,refund
statemnet,statement
trnasaction,transaction
fiannce,finance
dveice,device
withdarwal,withdrawal
supoprt,support
bduget,budget
bduget,budget
wier,wire
brnach,branch
wier,wire
vaildation,validation
validaiton,validation
mortgaeg,mortgage
crad,card
mortagge,mortgage
bugdet,budget
pamyent,payment
bnak,bank
branhc,branch
depsoit,deposit
investemnt,investment
currnecy,currency
dbeit,debit
digtial,digital
laon,loan
digitla,digital
limti,limit
tax,tax
insuarnce,insurance
investemnt,investment
invsetment,investment
paymetn,payment
bakn,bank
payemnt,payment
saalry,salary
uesr,user
vuocher,voucher
cadr,card
guaranete,guarantee
overdratf,overdraft
otp,otp
protectino,protection
mortggae,mortgage
beneifciary,beneficiary
potrfolio,portfolio
guaarntee,guarantee
bnak,bank
wihtdraw,withdraw
cadr,card
statemetn,statement
tranfser,transfer
budegt,budget
cusotmer,customer
otp,otp
curerncy,currency
investmetn,investment
psasword,password
refudn,refund
withdraawl,withdrawal
custmoer,customer
deopsit,deposit
wrie,wire
app,app
brnach,branch
portfloio,portfolio
dpeosit,deposit
motrgage,mortgage
turst,trust
tax,tax
saalry,salary
uesr,user
blil,bill
spenidng,spending
notiifcation,notification
digtial,digital
cheuqe,cheque
deopsit,deposit
vocuher,voucher
wier,wire
accoutn,account
morgtage,mortgage
wrie,wire
onlien,online
mortagge,mortgage
wrie,wire
wrie,wire
gaurantee,guarantee
deviec,device
salray,salary
cashbakc,cashback
protcetion,protection
bugdeting,budgeting
vouchre,voucher
motrgage,mortgage
sceurity,security
usre,user
paymetn,payment
tarnsaction,transaction
insuracne,insurance
currency,currency
mortggae,mortgage
savnigs,savings
dashborad,dashboard
crad,card
installmetn,installment
authentiaction,authentication
dahsboard,dashboard
pin,pin
deivce,device
mortgaeg,mortgage
digiatl,digital
deopsit,deposit
cahs,cash
oevrdraft,overdraft
csah,cash
bakn,bank
blil,bill
pesronal,personal
spneding,spending
dahsboard,dashboard
saivngs,savings
ivnestment,investment
refudn,refund
fese,fees
wrie,wire
vlaidation,validation
docuemnt,document
tarnsaction,transaction
laon,loan
deposti,deposit
gatewya,gateway
trnasaction,transaction
scheduel,schedule
rsik,risk
transactino,transaction
tax,tax
gatewya,gateway
vouchre,voucher
blaance,balance
withrdawal,withdrawal
crad,card
benefiicary,beneficiary
lona,loan
cadr,card
dbeit,debit
pin,pin
laon,loan
wtihdrawal,withdrawal
svaings,savings
overdratf,overdraft
spenidng,spending
upgraed,upgrade
lona,loan
vuocher,voucher
tarnsaction,transaction
bnak,bank
usre,user
trasnaction,transaction
validaiton,validation
bugdeting,budgeting
statemnet,statement
chagre,charge
ovredraft,overdraft
validatino,validation
statemnet,statement
slaary,salary
vocuher,voucher
raet,rate
bill,bill
gatewya,gateway
cashabck,cashback
finnace,finance
gaetway,gateway
dashbaord,dashboard
paswsord,password
deposti,deposit
fniance,finance
witdhraw,withdraw
insuranec,insurance
tkoen,token
deibt,debit
lona,loan
budgeitng,budgeting
tkoen,token
legder,ledger
regsitration,registration
cahs,cash
withdrwa,withdraw
inevstment,investment
guaratnee,guarantee
beneficiayr,beneficiary
witdhrawal,withdrawal
crad,card
walelt,wallet
debti,debit
ugprade,upgrade
custoemr,customer
custmoer,customer
mortagge,mortgage
cadr,card
acconut,account
diigtal,digital
fees,fees
debti,debit
paymetn,payment
persnoal,personal
chrage,charge
chagre,charge
cheqeu,cheque
csutomer,customer
refnud,refund
wier,wire
installmnet,installment
lona,loan
portfoloi,portfolio
wlalet,wallet
invsetment,investment
wihtdraw,withdraw
beneficairy,beneficiary
tarnsaction,transaction
crad,card
psasword,password
paymetn,payment
finnace,finance
validatoin,validation
tax,tax
crdeit,credit
vouchre,voucher
onilne,online
raet,rate
schdeule,schedule
crad,card
invsetment,investment
customre,customer
authentictaion,authentication
withdraawl,withdrawal
profti,profit
docmuent,document
toekn,token
custoemr,customer
withdarw,withdraw
beneifciary,beneficiary
bnak,bank
csah,cash
turst,trust
tkoen,token
guarnatee,guarantee
balacne,balance
bill,bill
regisrtation,registration
cahs,cash
vaildation,validation
supprot,support
otp,otp
bakn,bank
trsut,trust
remittance,remittance
blaance,balance
usre,user
remittnace,remittance
cahs,cash
deivce,device
withdarw,withdraw
balanec,balance
statemetn,statement
mobiel,mobile
rceeipt,receipt
mobiel,mobile
crurency,currency
fudn,fund
cahs,cash
bakn,bank
savinsg,savings
pin,pin
valdiation,validation
bill,bill
sepnding,spending
savinsg,savings
mortgaeg,mortgage
pamyent,payment
validatoin,validation
tax,tax
transcation,transaction
fudn,fund
app,app
crad,card
depoist,deposit
beneficairy,beneficiary
sattement,statement
ovredraft,overdraft
uesr,user
vuocher,voucher
witdhrawal,withdrawal
legder,ledger
pin,pin
refudn,refund
investmnet,investment
budegt,budget
payemnt,payment
finacne,finance
crurency,currency
customre,customer
invesmtent,investment
usre,user
saivngs,savings
savnigs,savings
depoist,deposit
dpeosit,deposit
finanec,finance
usre,user
usre,user
usre,user
budgteing,budgeting
investmetn,investment
cehque,cheque
sattement,statement
lcok,lock
withdrwa,withdraw
spendign,spending
deposti,deposit
ledegr,ledger
brnach,branch
rtae,rate
cadr,card
password,password
tkoen,token
cashabck,cashback
digiatl,digital
currnecy,currency
debti,debit
budgteing,budgeting
invesmtent,investment
portfoloi,portfolio
budgte,budget
vouhcer,voucher
balacne,balance
pin,pin
laon,loan
blil,bill
trnasfer,transfer
tax,tax
balnace,balance
installmnet,installment
csahback,cashback
remtitance,remittance
chagre,charge
psasword,password
saalry,salary
cadr,card
fudn,fund
beneifciary,beneficiary
beneficairy,beneficiary
bnous,bonus
ldeger,ledger
ledgre,ledger
app,app
installment,installment
riks,risk
crad,card
validaiton,validation
deposti,deposit
persoanl,personal
moible,mobile
reciept,receipt
passwodr,password
cashbcak,cashback
cheuqe,cheque
otp,otp
authetnication,authentication
spendnig,spending
ovredraft,overdraft
overdarft,overdraft
invesmtent,investment
digiatl,digital
fradu,fraud
porftolio,portfolio
rsik,risk
ledgre,ledger
mboile,mobile
reufnd,refund
toekn,token
ledgre,ledger
investmetn,investment
voucehr,voucher
securiyt,security
custoemr,customer
custoemr,customer
shcedule,schedule
cahrge,charge
acocunt,account
portfloio,portfolio
beenficiary,beneficiary
otp,otp
portfloio,portfolio
salray,salary
trasnfer,transfer
presonal,personal
csahback,cashback
portfoloi,portfolio
savinsg,savings
laon,loan
tax,tax
dveice,device
remitatnce,remittance
csah,cash
vlaidation,validation
remtitance,remittance
accoutn,account
insruance,insurance
porfit,profit
bill,bill
password,password
statemnet,statement
credti,credit
finnace,finance
crad,card
salray,salary
otp,otp
blil,bill
withdrwaal,withdrawal
bakn,bank
scehdule,schedule
app,app
bakn,bank
vlaidation,validation
wier,wire
rtae,rate
statemetn,statement
insatllment,installment
guarnatee,guarantee
toekn,token
barnch,branch
reecipt,receipt
cehque,cheque
withrdaw,withdraw
usre,user
balanec,balance
limti,limit
fudn,fund
tax,tax
crad,card
cheuqe,cheque
inetrest,interest
mboile,mobile
raet,rate
paymnet,payment
tax,tax
paymnet,payment
savigns,savings
overrdaft,overdraft
tax,tax
insuracne,insurance
paswsord,password
tax,tax
withdraawl,withdrawal
atuhentication,authentication
crurency,currency
fese,fees
passwrod,password
passwodr,password
cahs,cash
crad,card
bnak,bank
personla,personal
tax,tax
paymnet,payment
securtiy,security
inevstment,investment
securtiy,security
cashabck,cashback
reigstration,registration
wrie,wire
pin,pin
savigns,savings
balnace,balance
wrie,wire
beneficiray,beneficiary
bnak,bank
laon,loan
securiyt,security
authenticatino,authentication
raet,rate
cahs,cash
otp,otp
fudn,fund
acconut,account
blil,bill
spenidng,spending
bakn,bank
crad,card
tax,tax
cehque,cheque
docmuent,document
reigstration,registration
branhc,branch
dbeit,debit
withdrwa,withdraw
transatcion,transaction
crurency,currency
budgetnig,budgeting
transefr,transfer
morgtage,mortgage
fnud,fund
wrie,wire
truts,trust
otp,otp
beneifciary,beneficiary
motrgage,mortgage
prfoit,profit
rfeund,refund
overdrfat,overdraft
password,password
app,app
docuemnt,document
protfolio,portfolio
digiatl,digital
inteerst,interest
vouhcer,voucher
savinsg,savings
deopsit,deposit
mobiel,mobile
beneficiray,beneficiary
prfoit,profit
saivngs,savings
laon,loan
portoflio,portfolio
laon,loan
riks,risk
lona,loan
porfit,profit
wier,wire
otp,otp
statmeent,statement
schdeule,schedule
gatewya,gateway
withdraawl,withdrawal
mboile,mobile
investmnet,investment
valdiation,validation
fees,fees
onlien,online
dgiital,digital
interets,interest
beneifciary,beneficiary
fees,fees
finacne,finance
withdraawl,withdrawal
chrage,charge
fnud,fund
prtoection,protection
insatllment,installment
balnace,balance
withdrwaal,withdrawal
turst,trust
insurnace,insurance
lona,loan
usre,user
refnud,refund
transcation,transaction
mrotgage,mortgage
password,password
schedlue,schedule
trsut,trust
beneficairy,beneficiary
auhtentication,authentication
uesr,user
porfit,profit
turst,trust
lokc,lock
portoflio,portfolio
protfolio,portfolio
statmeent,statement
porfit,profit
withdarw,withdraw
savigns,savings
savigns,savings
crad,card
mobiel,mobile
deopsit,deposit
deopsit,deposit
tax,tax
balacne,balance
vouchre,voucher
notiifcation,notification
inevstment,investment
olnine,online
toekn,token
transaciton,transaction
truts,trust
fiannce,finance
tax,tax
withrdawal,withdrawal
savinsg,savings
cutsomer,customer
dpeosit,deposit
wier,wire
password,password
trasnaction,transaction
reimttance,remittance
wier,wire
guaarntee,guarantee
tax,tax
overrdaft,overdraft
portection,protection
trnasaction,transaction
tokne,token
ugprade,upgrade
farud,fraud
prtoection,protection
saalry,salary
dsahboard,dashboard
authenitcation,authentication
gaurantee,guarantee
cadr,card
trsut,trust
spneding,spending
overdarft,overdraft
blaance,balance
sttaement,statement
cadr,card
insurnace,insurance
authenitcation,authentication
wier,wire
bouns,bonus
porftolio,portfolio
cheuqe,cheque
schdeule,schedule
rsik,risk
schedlue,schedule
motrgage,mortgage
toekn,token
persoanl,personal
cashbakc,cashback
validaiton,validation
registratoin,registration
bouns,bonus
saalry,salary
riks,risk
raet,rate
bakn,bank
dveice,device
custmoer,customer
budegt,budget
ledegr,ledger
tax,tax
insatllment,installment
trasnaction,transaction
credti,credit
currency,currency
cahs,cash
vlaidation,validation
withdarw,withdraw
overdratf,overdraft
chagre,charge
fiannce,finance
custmoer,customer
mortgaeg,mortgage
currency,currency
cadr,card
bnak,bank
bnak,bank
bouns,bonus
tarnsaction,transaction
csah,cash
tax,tax
gatweay,gateway
benefiicary,beneficiary
lona,loan
chareg,charge
crdeit,credit
fnud,fund
rsik,risk
passwodr,password
deibt,debit
benefiicary,beneficiary
wrie,wire
regisrtation,registration
rtae,rate
beneifciary,beneficiary
raet,rate
trnasfer,transfer
blil,bill
protcetion,protection
vuocher,voucher
instalmlent,installment
lona,loan
dveice,device
crdeit,credit
fese,fees
vouchre,voucher
saivngs,savings
perosnal,personal
wier,wire
saivngs,savings
passowrd,password
tarnsaction,transaction
ovedrraft,overdraft
legder,ledger
bracnh,branch
fese,fees
otp,otp
wtihdrawal,withdrawal
pin,pin
gtaeway,gateway
trasnaction,transaction
tranasction,transaction
fudn,fund
staetment,statement
bonsu,bonus
authenitcation,authentication
voucehr,voucher
accuont,account
beneficiayr,beneficiary
fese,fees
finanec,finance
olnine,online
liimt,limit
depoist,deposit
wrie,wire
authentictaion,authentication
baalnce,balance
benefiicary,beneficiary
uesr,user
payemnt,payment
cadr,card
documetn,document
depoist,deposit
validaiton,validation
uesr,user
savnigs,savings
mrotgage,mortgage
raet,rate
saivngs,savings
remittnace,remittance
gtaeway,gateway
lona,loan
insruance,insurance
cusotmer,customer
voucehr,voucher
mortggae,mortgage
ugprade,upgrade
laon,loan
deposti,deposit
protcetion,protection
bnous,bonus
svaings,savings
shcedule,schedule
ldeger,ledger
depsoit,deposit
limti,limit
pyament,payment
tokne,token
toekn,token
presonal,personal
mobiel,mobile
vuocher,voucher
gateawy,gateway
uesr,user
scheduel,schedule
installment,installment
passwrod,password
gateawy,gateway
supprot,support
transcation,transaction
vouchre,voucher
chareg,charge
uesr,user
cadr,card
bnak,bank
csah,cash
remittacne,remittance
bouns,bonus
wier,wire
fees,fees
lona,loan
ldeger,ledger
paymetn,payment
insuracne,insurance
mrotgage,mortgage
secruity,security
beneficairy,beneficiary
upgrdae,upgrade
salayr,salary
paymnet,payment
digtial,digital
persnoal,personal
sttaement,statement
uesr,user
account,account
ivnestment,investment
protcetion,protection
bugdet,budget
registraiton,registration
lona,loan
sepnding,spending
vouchre,voucher
bouns,bonus
usre,user
mrotgage,mortgage
dbeit,debit
guaranete,guarantee
reciept,receipt
mortagge,mortgage
beneficairy,beneficiary
overdarft,overdraft
guaranete,guarantee
lokc,lock
chareg,charge
wrie,wire
barnch,branch
savinsg,savings
insruance,insurance
authentciation,authentication
bracnh,branch
debti,debit
laon,loan
balanec,balance
acconut,account
lona,loan
validatino,validation
protetcion,protection
currecny,currency
transaciton,transaction
vaildation,validation
transactoin,transaction
rtae,rate
documetn,document
fees,fees
guarantee,guarantee
motrgage,mortgage
inevstment,investment
toekn,token
tranasction,transaction
invesmtent,investment
laon,loan
salayr,salary
mrotgage,mortgage
benfeiciary,beneficiary
fniance,finance
auhtentication,authentication
rsik,risk
wallet,wallet
insruance,insurance
baalnce,balance
deopsit,deposit
insuracne,insurance
vuocher,voucher
authenticatino,authentication
bakn,bank
truts,trust
balanec,balance
app,app
bakn,bank
withdrawla,withdrawal
blaance,balance
brnach,branch
curerncy,currency
spendnig,spending
cahsback,cashback
overdrfat,overdraft
guarantee,guarantee
wrie,wire
pin,pin
porfit,profit
app,app
slaary,salary
lcok,lock
invetsment,investment
dgiital,digital
liimt,limit
savigns,savings
cadr,card
supoprt,support
salayr,salary
csahback,cashback
rsik,risk
withdrawla,withdrawal
tax,tax
onilne,online
transactoin,transaction
auhtentication,authentication
notifciation,notification
cadr,card
wier,wire
sepnding,spending
fese,fees
laon,loan
wallte,wallet
invetsment,investment
uesr,user
wrie,wire
cerdit,credit
app,app
schedlue,schedule
cahs,cash
gateawy,gateway
notifiaction,notification
spenidng,spending
installment,installment
savnigs,savings
supoprt,support
digiatl,digital
refnud,refund
documetn,document
schdeule,schedule
inusrance,insurance
budegt,budget
finanec,finance
saivngs,savings
wier,wire
uesr,user
budgte,budget
invetsment,investment
vuocher,voucher
securtiy,security
paymnet,payment
interset,interest
bakn,bank
paymnet,payment
transcation,transaction
guaratnee,guarantee
transefr,transfer
persoanl,personal
remtitance,remittance
bakn,bank
cadr,card
inusrance,insurance
overdrfat,overdraft
passowrd,password
creidt,credit
tokne,token
acconut,account
riks,risk
debti,debit
crad,card
insurnace,insurance
intreest,interest
investmetn,investment
presonal,personal
prfoit,profit
laon,loan
overrdaft,overdraft
blil,bill
withdrwa,withdraw
laon,loan
schdeule,schedule
crad,card
lcok,lock
fese,fees
passwodr,password
creidt,credit
validtaion,validation
farud,fraud
doucment,document
currenyc,currency
intreest,interest
lona,loan
gateawy,gateway
ledgre,ledger
truts,trust
moible,mobile
wtihdrawal,withdrawal
reciept,receipt
withdrawla,withdrawal
fradu,fraud
liimt,limit
usre,user
valdiation,validation
fees,fees
beneficairy,beneficiary
usre,user
voucehr,voucher
dgiital,digital
farud,fraud
beneficiray,beneficiary
laon,loan
app,app
supoprt,support
transaciton,transaction
deopsit,deposit
bakn,bank
vouhcer,voucher
support,support
customre,customer
passowrd,password
sattement,statement
proift,profit
notificatoin,notification
withdraawl,withdrawal
uesr,user
cahs,cash
upgarde,upgrade
spenidng,spending
rtae,rate
accoutn,account
dbeit,debit
protfolio,portfolio
acconut,account
usre,user
riks,risk
pin,pin
chrage,charge
documetn,document
benefiicary,beneficiary
witdhrawal,withdrawal
valdiation,validation
depoist,deposit
balanec,balance
bakn,bank
digitla,digital
laon,loan
fudn,fund
bnous,bonus
trnasfer,transfer
fudn,fund
potrfolio,portfolio
sttaement,statement
debti,debit
statmeent,statement
trasnfer,transfer
csah,cash
budgetnig,budgeting
moblie,mobile
vouchre,voucher
atuhentication,authentication
itnerest,interest
savinsg,savings
dbeit,debit
laon,loan
laon,loan
raet,rate
sattement,statement
moblie,mobile
tax,tax
reecipt,receipt
cheqeu,cheque
validaiton,validation
ledgre,ledger
tax,tax
deopsit,deposit
saalry,salary
limti,limit
paymnet,payment
balnace,balance
remittanec,remittance
invetsment,investment
statemnet,statement
trnasfer,transfer
crad,card
wtihdrawal,withdrawal
wrie,wire
csahback,cashback
wrie,wire
vocuher,voucher
investmetn,investment
personla,personal
fradu,fraud
saivngs,savings
csah,cash
bduget,budget
dveice,device
schedlue,schedule
salray,salary
spedning,spending
laon,loan
reigstration,registration
deviec,device
investmnet,investment
insurnace,insurance
laon,loan
truts,trust
wrie,wire
otp,otp
reimttance,remittance
sceurity,security
porftolio,portfolio
tax,tax
moible,mobile
fees,fees
overdarft,overdraft
dbeit,debit
transactoin,transaction
cerdit,credit
tokne,token
raet,rate
vouchre,voucher
morgtage,mortgage
lona,loan
wier,wire
interset,interest
gateawy,gateway
bracnh,branch
fese,fees
investmetn,investment
budegting,budgeting
ugprade,upgrade
deibt,debit
debti,debit
blaance,balance
vouhcer,voucher
lokc,lock
presonal,personal
remitatnce,remittance
tarnsfer,transfer
savigns,savings
invsetment,investment
saalry,salary
dveice,device
salayr,salary
lokc,lock
spenidng,spending
passowrd,password
dbeit,debit
guaranete,guarantee
lokc,lock
limti,limit
liimt,limit
documnet,document
wier,wire
prfoit,profit
presonal,personal
deopsit,deposit
uesr,user
bnak,bank
inteerst,interest
lokc,lock
porfit,profit
dsahboard,dashboard
potrfolio,portfolio
spenidng,spending
salayr,salary
fees,fees
vaildation,validation
wrie,wire
liimt,limit
pyament,payment
transefr,transfer
budegt,budget
bakn,bank
rtae,rate
moible,mobile
cadr,card
onilne,online
curerncy,currency
balacne,balance
isnurance,insurance
tax,tax
withdrawla,withdrawal
beneficairy,beneficiary
tax,tax
validtaion,validation
perosnal,personal
beneficiray,beneficiary
suppotr,support
seucrity,security
cadr,card
balacne,balance
remittance,remittance
tranasction,transaction
transactoin,transaction
chagre,charge
bill,bill
bakn,bank
instalmlent,installment
intreest,interest
transaciton,transaction
onilne,online
raet,rate
digtial,digital
cerdit,credit
limti,limit
wier,wire
witdhrawal,withdrawal
sepnding,spending
fese,fees
savigns,savings
onlnie,online
sattement,statement
doucment,document
rfeund,refund
bill,bill
ldeger,ledger
withdrawla,withdrawal
lcok,lock
instalmlent,installment
reigstration,registration
finanec,finance
passwodr,password
transatcion,transaction
app,app
reecipt,receipt
bugdeting,budgeting
documnet,document
wier,wire
bakn,bank
bduget,budget
cahs,cash
tarnsaction,transaction
withdarwal,withdrawal
instalmlent,installment
branhc,branch
tokne,token
gatweay,gateway
transactino,transaction
wrie,wire
tax,tax
invsetment,investment
remittacne,remittance
inevstment,investment
budgte,budget
secruity,security
crad,card
dashbaord,dashboard
deopsit,deposit
transefr,transfer
cahs,cash
bakn,bank
wtihdrawal,withdrawal
dashboadr,dashboard
fradu,fraud
motrgage,mortgage
persoanl,personal
persnoal,personal
cahrge,charge
wallte,wallet
validatino,validation
saalry,salary
dashbaord,dashboard
saivngs,savings
statemetn,statement
validatino,validation
usre,user
registratoin,registration
vouhcer,voucher
dbeit,debit
cheqeu,cheque
chrage,charge
reigstration,registration
account,account
vuocher,voucher
supprot,support
mortggae,mortgage
witdhrawal,withdrawal
usre,user
bdugeting,budgeting
invesmtent,investment
voucehr,voucher
limti,limit
invetsment,investment
spneding,spending
acocunt,account
rfeund,refund
mortagge,mortgage
reimttance,remittance
payemnt,payment
barnch,branch
bill,bill
sepnding,spending
pamyent,payment
barnch,branch
tkoen,token
credti,credit
insurnace,insurance
wier,wire
laon,loan
portfoloi,portfolio
fees,fees
uprgade,upgrade
bnous,bonus
passwodr,password
beneficairy,beneficiary
motrgage,mortgage
vuocher,voucher
lona,loan
docuemnt,document
usre,user
finnace,finance
wrie,wire
supoprt,support
bonsu,bonus
protcetion,protection
crad,card
profti,profit
benfeiciary,beneficiary
tarnsfer,transfer
guarantee,guarantee
limti,limit
transcation,transaction
rceeipt,receipt
olnine,online
portfoilo,portfolio
turst,trust
onilne,online
bonsu,bonus
app,app
overdarft,overdraft
morgtage,mortgage
insuracne,insurance
fese,fees
valiadtion,validation
app,app
wtihdraw,withdraw
transaciton,transaction
otp,otp
installment,installment
raet,rate
regsitration,registration
bdugeting,budgeting
fese,fees
authentiaction,authentication
paymetn,payment
lcok,lock
vlaidation,validation
fnud,fund
sttaement,statement
wallte,wallet
pamyent,payment
cahrge,charge
credti,credit
chqeue,cheque
inteerst,interest
gateawy,gateway
rtae,rate
passwrod,password
sepnding,spending
insuarnce,insurance
farud,fraud
saivngs,savings
finnace,finance
turst,trust
pin,pin
authentictaion,authentication
fruad,fraud
barnch,branch
vouchre,voucher
trsut,trust
mortagge,mortgage
bnak,bank
rsik,risk
wier,wire
fees,fees
mobiel,mobile
sepnding,spending
support,support
finacne,finance
tax,tax
bakn,bank
toekn,token
laon,loan
usre,user
bugdeting,budgeting
trnasaction,transaction
protectoin,protection
beneficiray,beneficiary
paymetn,payment
lona,loan
bneeficiary,beneficiary
bonsu,bonus
spendnig,spending
registartion,registration
deibt,debit
lona,loan
depsoit,deposit
dahsboard,dashboard
tax,tax
mortagge,mortgage
devcie,device
balnace,balance
olnine,online
validatoin,validation
budgetign,budgeting
support,support
fnud,fund
laon,loan
invetsment,investment
depoist,deposit
bneeficiary,beneficiary
currenyc,currency
limti,limit
blil,bill
crurency,currency
bduget,budget
blil,bill
saalry,salary
transatcion,transaction
pyament,payment
reecipt,receipt
lona,loan
trnasaction,transaction
withdraawl,withdrawal
authnetication,authentication
tranasction,transaction
lcok,lock
cashbakc,cashback
remtitance,remittance
lcok,lock
mortggae,mortgage
prfoit,profit
riks,risk
onlien,online
tarnsaction,transaction
statemnet,statement
otp,otp
transactino,transaction
trnasaction,transaction
tranasction,transaction
barnch,branch
uesr,user
wrie,wire
bakn,bank
crad,card
usre,user
balacne,balance
prfoit,profit
app,app
pamyent,payment
dashboadr,dashboard
authenticatoin,authentication
securiyt,security
morgtage,mortgage
brnach,branch
mortagge,mortgage
lona,loan
statemnet,statement
liimt,limit
payemnt,payment
budegt,budget
registratino,registration
vuocher,voucher
bakn,bank
turst,trust
paymnet,payment
paymnet,payment
balanec,balance
tkoen,token
lona,loan
tax,tax
cehque,cheque
casbhack,cashback
payemnt,payment
gatewya,gateway
paymnet,payment
cadr,card
rtae,rate
slaary,salary
digiatl,digital
crad,card
chareg,charge
laon,loan
cheqeu,cheque
vouchre,voucher
doucment,document
tax,tax
tax,tax
budgte,budget
app,app
inetrest,interest
registartion,registration
insatllment,installment
overdratf,overdraft
raet,rate
finacne,finance
vouhcer,voucher
vouhcer,voucher
refnud,refund
vlaidation,validation
dsahboard,dashboard
brnach,branch
instlalment,installment
bonsu,bonus
pin,pin
bakn,bank
fese,fees
rsik,risk
trnasaction,transaction
bonsu,bonus
prtoection,protection
support,support
trnasaction,transaction
withdrawla,withdrawal
chqeue,cheque
app,app
lona,loan
paymetn,payment
docmuent,document
wallet,wallet
spedning,spending
csah,cash
farud,fraud
budegt,budget
tax,tax
atuhentication,authentication
portoflio,portfolio
benefiicary,beneficiary
wrie,wire
investmetn,investment
paymetn,payment
balanec,balance
otp,otp
portfoilo,portfolio
bouns,bonus
wrie,wire
vaildation,validation
crad,card
payemnt,payment
otp,otp
olnine,online
benefiicary,beneficiary
crad,card
lokc,lock
tokne,token
accuont,account
budgetnig,budgeting
accoutn,account
securtiy,security
wallte,wallet
password,password
upgarde,upgrade
fese,fees
laon,loan
tkoen,token
acconut,account
currnecy,currency
registraiton,registration
pin,pin
rtae,rate
protectoin,protection
ledgre,ledger
rtae,rate
moible,mobile
tax,tax
mobiel,mobile
bill,bill
guraantee,guarantee
otp,otp
atuhentication,authentication
overdarft,overdraft
chrage,charge
uesr,user
pyament,payment
bill,bill
rmeittance,remittance
wrie,wire
depsoit,deposit
svaings,savings
presonal,personal
securtiy,security
remitatnce,remittance
tax,tax
docuemnt,document
pin,pin
dgiital,digital
ovredraft,overdraft
budgte,budget
investemnt,investment
pyament,payment
svaings,savings
tax,tax
cusotmer,customer
bugdeting,budgeting
cheuqe,cheque
wihtdraw,withdraw
vocuher,voucher
salray,salary
budgetign,budgeting
fese,fees
lona,loan
finacne,finance
profti,profit
chagre,charge
tarnsaction,transaction
laon,loan
wallte,wallet
fese,fees
spendnig,spending
intsallment,installment
deibt,debit
acocunt,account
vouchre,voucher
gtaeway,gateway
schedlue,schedule
seucrity,security
interset,interest
tarnsaction,transaction
support,support
guarantee,guarantee
lmiit,limit
rceeipt,receipt
dsahboard,dashboard
bnak,bank
securtiy,security
tax,tax
refudn,refund
fnud,fund
lokc,lock
vuocher,voucher
vuocher,voucher
presonal,personal
insuracne,insurance
upgraed,upgrade
laon,loan
sattement,statement
digtial,digital
cerdit,credit
documetn,document
onlien,online
invsetment,investment
gaetway,gateway
bakn,bank
paymnet,payment
onlien,online
withrdaw,withdraw
olnine,online
diigtal,digital
stateemnt,statement
digiatl,digital
schedlue,schedule
vouhcer,voucher
laon,loan
lokc,lock
schdeule,schedule
moible,mobile
beneifciary,beneficiary
wihtdrawal,withdrawal
wrie,wire
bnak,bank
savnigs,savings
blaance,balance
chareg,charge
statmeent,statement
crad,card
csahback,cashback
wtihdraw,withdraw
otp,otp
diigtal,digital
fradu,fraud
lona,loan
dveice,device
paymnet,payment
chagre,charge
validaiton,validation
seucrity,security
intreest,interest
password,password
wihtdraw,withdraw
personla,personal
custmoer,customer
custoemr,customer
debti,debit
lokc,lock
cahs,cash
pyament,payment
bnous,bonus
pamyent,payment
withdrwaal,withdrawal
wier,wire
devcie,device
csahback,cashback
trnasaction,transaction
insatllment,installment
transaciton,transaction
investemnt,investment
bnak,bank
rceeipt,receipt
supoprt,support
withdarwal,withdrawal
accoutn,account
bakn,bank
password,password
debti,debit
cadr,card
walelt,wallet
limti,limit
cashabck,cashback
bnak,bank
trsut,trust
mortagge,mortgage
transactoin,transaction
accoutn,account
riks,risk
turst,trust
paswsord,password
cashbcak,cashback
portfoilo,portfolio
instalmlent,installment
tax,tax
notificaiton,notification
securtiy,security
inevstment,investment
csah,cash
benefiicary,beneficiary
app,app
gatweay,gateway
mortagge,mortgage
dashbaord,dashboard
staetment,statement
bnak,bank
walelt,wallet
uesr,user
wrie,wire
fnud,fund
dbeit,debit
usre,user
witdhrawal,withdrawal
paswsord,password
lcok,lock
savigns,savings
gatewya,gateway
usre,user
app,app
statemnet,statement
prfoit,profit
guarnatee,guarantee
tax,tax
moblie,mobile
otp,otp
bakn,bank
transcation,transaction
cheuqe,cheque
raet,rate
protetcion,protection
laon,loan
sttaement,statement
proetction,protection
raet,rate
gatweay,gateway
remittanec,remittance
crdeit,credit
crad,card
slaary,salary
rsik,risk
blil,bill
passowrd,password
instlalment,installment
custmoer,customer
app,app
raet,rate
withdrawla,withdrawal
cerdit,credit
invsetment,investment
moible,mobile
investmetn,investment
remtitance,remittance
passowrd,password
blil,bill
bracnh,branch
tax,tax
lokc,lock
payemnt,payment
spenidng,spending
spenidng,spending
pamyent,payment
fees,fees
vocuher,voucher
motrgage,mortgage
transaciton,transaction
payemnt,payment
cashabck,cashback
bouns,bonus
mortgaeg,mortgage
app,app
bakn,bank
notificatino,notification
withdarwal,withdrawal
baalnce,balance
wrie,wire
statmeent,statement
lokc,lock
withdrawla,withdrawal
bonsu,bonus
paymnet,payment
csah,cash
bouns,bonus
svaings,savings
mortagge,mortgage
mobiel,mobile
documetn,document
cadr,card
digtial,digital
notifciation,notification
remittanec,remittance
vouhcer,voucher
insuarnce,insurance
wier,wire
fradu,fraud
wrie,wire
onlien,online
cashbcak,cashback
withdrwaal,withdrawal
mortagge,mortgage
limti,limit
crurency,currency
inetrest,interest
withdarwal,withdrawal
lona,loan
crdeit,credit
installemnt,installment
otp,otp
trasnfer,transfer
motrgage,mortgage
saivngs,savings
tax,tax
ledegr,ledger
morgtage,mortgage
wier,wire
bonsu,bonus
crdeit,credit
schedlue,schedule
withdrawla,withdrawal
potrfolio,portfolio
authenticatino,authentication
guarnatee,guarantee
dbeit,debit
reufnd,refund
beenficiary,beneficiary
scheduel,schedule
saivngs,savings
statemetn,statement
credti,credit
documetn,document
transatcion,transaction
cheqeu,cheque
proift,profit
deviec,device
portfoilo,portfolio
rmeittance,remittance
spneding,spending
onlnie,online
liimt,limit
chrage,charge
dbeit,debit
gaetway,gateway
wier,wire
inetrest,interest
finanec,finance
farud,fraud
bouns,bonus
uesr,user
invesmtent,investment
dpeosit,deposit
riks,risk
deivce,device
lona,loan
ugprade,upgrade
gaetway,gateway
fnud,fund
authnetication,authentication
pyament,payment
bakn,bank
dbeit,debit
farud,fraud
budegt,budget
blaance,balance
potrfolio,portfolio
depoist,deposit
authentiaction,authentication
rtae,rate
tax,tax
paymnet,payment
liimt,limit
supprot,support
bnak,bank
cadr,card
paymetn,payment
app,app
validatoin,validation
validaiton,validation
onilne,online
budegting,budgeting
cheuqe,cheque
paymnet,payment
guaarntee,guarantee
stateemnt,statement
tranasction,transaction
tax,tax
bracnh,branch
ovredraft,overdraft
mortgaeg,mortgage
beenficiary,beneficiary
guarnatee,guarantee
blaance,balance
lokc,lock
bneeficiary,beneficiary
finanec,finance
inetrest,interest
vaildation,validation
uesr,user
pin,pin
docmuent,document
transaciton,transaction
slaary,salary
protectino,protection
baalnce,balance
interets,interest
deibt,debit
vocuher,voucher
debti,debit
overdrfat,overdraft
psasword,password
bonsu,bonus
fniance,finance
legder,ledger
wrie,wire
remittanec,remittance
legder,ledger
transactino,transaction
ldeger,ledger
lcok,lock
acconut,account
wihtdrawal,withdrawal
dpeosit,deposit
tax,tax
finacne,finance
beneficiayr,beneficiary
onlien,online
valdiation,validation
recepit,receipt
spedning,spending
customre,customer
creidt,credit
dashboadr,dashboard
itnerest,interest
tax,tax
vouchre,voucher
overdratf,overdraft
notifiaction,notification
pesronal,personal
wrie,wire
schdeule,schedule
lokc,lock
guaarntee,guarantee
credti,credit
guaratnee,guarantee
statemetn,statement
laon,loan
salray,salary
interets,interest
lona,loan
saalry,salary
app,app
wrie,wire
toekn,token
tarnsaction,transaction
dashobard,dashboard
otp,otp
deibt,debit
tax,tax
farud,fraud
portfoilo,portfolio
lona,loan
ntoification,notification
cutsomer,customer
gtaeway,gateway
riks,risk
validatino,validation
deopsit,deposit
benefiicary,beneficiary
registratoin,registration
fudn,fund
wrie,wire
savinsg,savings
rtae,rate
trasnfer,transfer
prfoit,profit
vocuher,voucher
motrgage,mortgage
laon,loan
porfit,profit
support,support
rgeistration,registration
finnace,finance
wrie,wire
liimt,limit
fese,fees
remittacne,remittance
instlalment,installment
currnecy,currency
remittanec,remittance
mobiel,mobile
account,account
statemnet,statement
bakn,bank
psasword,password
mrotgage,mortgage
persoanl,personal
receitp,receipt
beneifciary,beneficiary
app,app
fiannce,finance
ledegr,ledger
dcoument,document
psasword,password
bill,bill
fees,fees
tokne,token
invesmtent,investment
valdiation,validation
perosnal,personal
bouns,bonus
cehque,cheque
ldeger,ledger
validatoin,validation
withdarwal,withdrawal
schedlue,schedule
limti,limit
wier,wire
paymetn,payment
vouchre,voucher
vouhcer,voucher
blaance,balance
porftolio,portfolio
savnigs,savings
valiadtion,validation
wrie,wire
transactoin,transaction
riks,risk
protetcion,protection
lokc,lock
wtihdrawal,withdrawal
wier,wire
overdratf,overdraft
tranfser,transfer
tax,tax
wrie,wire
moible,mobile
bnous,bonus
account,account
riks,risk
lokc,lock
psasword,password
payemnt,payment
dpeosit,deposit
interets,interest
tarnsaction,transaction
app,app
fruad,fraud
digtial,digital
deposti,deposit
finanec,finance
rgeistration,registration
stateemnt,statement
usre,user
bduget,budget
pesronal,personal
guarantee,guarantee
tax,tax
trnasfer,transfer
fees,fees
tranasction,transaction
bugdet,budget
pamyent,payment
invetsment,investment
itnerest,interest
deposti,deposit
cadr,card
devcie,device
finnace,finance
rsik,risk
uesr,user
uesr,user
mortagge,mortgage
usre,user
gateawy,gateway
porfit,profit
intreest,interest
isntallment,installment
tax,tax
withdarw,withdraw
trsut,trust
deposti,deposit
cashbakc,cashback
tokne,token
depoist,deposit
fudn,fund
beenficiary,beneficiary
staetment,statement
cahs,cash
finnace,finance
sattement,statement
diigtal,digital
csah,cash
onlien,online
saivngs,savings
inevstment,investment
transcation,transaction
voucehr,voucher
crad,card
digitla,digital
withdrwaal,withdrawal
notificatino,notification
beneficairy,beneficiary
budgte,budget
investmnet,investment
bouns,bonus
bnak,bank
wallte,wallet
budgte,budget
rsik,risk
creidt,credit
inteerst,interest
riks,risk
farud,fraud
laon,loan
tax,tax
personla,personal
usre,user
spenidng,spending
payemnt,payment
balnace,balance
bnak,bank
portoflio,portfolio
remittnace,remittance
beenficiary,beneficiary
vocuher,voucher
laon,loan
fees,fees
fese,fees
remittnace,remittance
raet,rate
crad,card
raet,rate
bugdeting,budgeting
otp,otp
withdraawl,withdrawal
barnch,branch
budegting,budgeting
gaetway,gateway
cheuqe,cheque
witdhrawal,withdrawal
overdarft,overdraft
persoanl,personal
crad,card
fruad,fraud
scehdule,schedule
wrie,wire
cutsomer,customer
lcok,lock
withdrawla,withdrawal
invsetment,investment
pamyent,payment
fudn,fund
onlien,online
fees,fees
gaetway,gateway
wier,wire
balacne,balance
baalnce,balance
payemnt,payment
registraiton,registration
crad,card
docuemnt,document
currecny,currency
dsahboard,dashboard
rsik,risk
farud,fraud
csah,cash
tranasction,transaction
saalry,salary
voucehr,voucher
saivngs,savings
upgraed,upgrade
ledgre,ledger
wrie,wire
supprot,support
fese,fees
ledegr,ledger
baalnce,balance
passwrod,password
registrtaion,registration
secuirty,security
raet,rate
riks,risk
baalnce,balance
transatcion,transaction
savinsg,savings
laon,loan
transefr,transfer
dashborad,dashboard
voucehr,voucher
paymnet,payment
ledegr,ledger
wtihdraw,withdraw
lona,loan
truts,trust
csahback,cashback
mrotgage,mortgage
tax,tax
beenficiary,beneficiary
invesmtent,investment
mortgaeg,mortgage
withdarwal,withdrawal
pamyent,payment
tkoen,token
deivce,device
baalnce,balance
chrage,charge
wrie,wire
tokne,token
withdraawl,withdrawal
uesr,user
overdarft,overdraft
staetment,statement
wrie,wire
tax,tax
staetment,statement
chqeue,cheque
statmeent,statement
svaings,savings
bakn,bank
fudn,fund
authetnication,authentication
staetment,statement
svaings,savings
creidt,credit
overrdaft,overdraft
uprgade,upgrade
isntallment,installment
bneeficiary,beneficiary
fese,fees
liimt,limit
uprgade,upgrade
profti,profit
lona,loan
withdrawla,withdrawal
insatllment,installment
curerncy,currency
rgeistration,registration
lokc,lock
guraantee,guarantee
portfoilo,portfolio
savigns,savings
app,app
slaary,salary
bnak,bank
cheqeu,cheque
csutomer,customer
blaance,balance
custoemr,customer
deposti,deposit
pyament,payment
motrgage,mortgage
registratoin,registration
deopsit,deposit
tax,tax
transactino,transaction
statmeent,statement
bnous,bonus
wier,wire
vocuher,voucher
bnak,bank
cadr,card
mortagge,mortgage
sattement,statement
insuarnce,insurance
withdrwa,withdraw
reigstration,registration
sattement,statement
bugdeting,budgeting
secuirty,security
salayr,salary
porfit,profit
chqeue,cheque
budgeitng,budgeting
investmetn,investment
deopsit,deposit
otp,otp
wier,wire
turst,trust
withdrwa,withdraw
budgetign,budgeting
deposti,deposit
notificatoin,notification
bnak,bank
digiatl,digital
motrgage,mortgage
app,app
suppotr,support
fnud,fund
tranasction,transaction
paswsord,password
budgetign,budgeting
wier,wire
turst,trust
remittnace,remittance
protectoin,protection
docuemnt,document
itnerest,interest
lcok,lock
deivce,device
blil,bill
regitsration,registration
remittanec,remittance
budgetign,budgeting
dsahboard,dashboard
staetment,statement
inteerst,interest
lona,loan
lokc,lock
remittanec,remittance
bnous,bonus
morgtage,mortgage
blil,bill
securiyt,security
rtae,rate
pamyent,payment
digitla,digital
uesr,user
validatoin,validation
acconut,account
devcie,device
bnak,bank
authenitcation,authentication
savnigs,savings
securiyt,security
trasnaction,transaction
mortgaeg,mortgage
spuport,support
otp,otp
limti,limit
account,account
stateemnt,statement
mortgaeg,mortgage
csah,cash
isnurance,insurance
bakn,bank
uesr,user
usre,user
wier,wire
mrotgage,mortgage
authnetication,authentication
lona,loan
uesr,user
dashbaord,dashboard
dbeit,debit
persnoal,personal
ledegr,ledger
lmiit,limit
perosnal,personal
lona,loan
vaildation,validation
trasnaction,transaction
refnud,refund
dashbaord,dashboard
slaary,salary
morgtage,mortgage
autehntication,authentication
currenyc,currency
crdeit,credit
cusotmer,customer
crdeit,credit
crad,card
lona,loan
bugdet,budget
custmoer,customer
spedning,spending
valdiation,validation
legder,ledger
fese,fees
crad,card
protcetion,protection
raet,rate
reufnd,refund
curerncy,currency
insurnace,insurance
wier,wire
lmiit,limit
dbeit,debit
lcok,lock
bneeficiary,beneficiary
cadr,card
credti,credit
lcok,lock
remitatnce,remittance
pin,pin
salray,salary
onilne,online
raet,rate
secruity,security
beneifciary,beneficiary
depsoit,deposit
savigns,savings
intreest,interest
depoist,deposit
vouchre,voucher
cashbakc,cashback
tax,tax
insuracne,insurance
fees,fees
scheduel,schedule
app,app
shcedule,schedule
cadr,card
fruad,fraud
brnach,branch
cehque,cheque
cadr,card
instalmlent,installment
usre,user
tarnsaction,transaction
liimt,limit
bneeficiary,beneficiary
benefiicary,beneficiary
tranasction,transaction
acocunt,account
vouchre,voucher
usre,user
proift,profit
wihtdraw,withdraw
dasbhoard,dashboard
tax,tax
bdugeting,budgeting
invetsment,investment
secruity,security
fees,fees
paymnet,payment
wrie,wire
authenticaiton,authentication
gtaeway,gateway
benefiicary,beneficiary
wihtdrawal,withdrawal
currenyc,currency
wihtdraw,withdraw
transcation,transaction
upgraed,upgrade
acocunt,account
transaciton,transaction
transatcion,transaction
trsut,trust
laon,loan
investmnet,investment
svaings,savings
csutomer,customer
wlalet,wallet
currenyc,currency
witdhrawal,withdrawal
authentictaion,authentication
passowrd,password
sceurity,security
receitp,receipt
fiannce,finance
ledegr,ledger
deivce,device
invsetment,investment
crad,card
invetsment,investment
app,app
wier,wire
tranasction,transaction
invetsment,investment
crad,card
saivngs,savings
devcie,device
bugdet,budget
rtae,rate
olnine,online
moblie,mobile
fnud,fund
depoist,deposit
bakn,bank
insuranec,insurance
gaurantee,guarantee
otp,otp
digitla,digital
remitatnce,remittance
custoemr,customer
bnak,bank
walelt,wallet
authenticaiton,authentication
finanec,finance
bnak,bank
cheqeu,cheque
secruity,security
budgte,budget
app,app
balanec,balance
laon,loan
cahs,cash
mortagge,mortgage
insurnace,insurance
suppotr,support
csah,cash
fnud,fund
spuport,support
portfoilo,portfolio
balanec,balance
uprgade,upgrade
brnach,branch
porfit,profit
dveice,device
cheuqe,cheque
dpeosit,deposit
tax,tax
installmetn,installment
fruad,fraud
bdugeting,budgeting
wtihdraw,withdraw
pin,pin
dashborad,dashboard
transactino,transaction
investemnt,investment
debti,debit
budgteing,budgeting
invsetment,investment
portfoloi,portfolio
onlien,online
insruance,insurance
tax,tax
chareg,charge
bakn,bank
vlaidation,validation
toekn,token
cadr,card
support,support
cahs,cash
deposti,deposit
dbeit,debit
raet,rate
investmnet,investment
inevstment,investment
walelt,wallet
diigtal,digital
fees,fees
wrie,wire
baalnce,balance
moblie,mobile
laon,loan
liimt,limit
deposti,deposit
deviec,device
spedning,spending
dashboadr,dashboard
personla,personal
lona,loan
wrie,wire
valiadtion,validation
porftolio,portfolio
trasnaction,transaction
salray,salary
ldeger,ledger
guaratnee,guarantee
refnud,refund
crad,card
bouns,bonus
balacne,balance
lokc,lock
fudn,fund
usre,user
digiatl,digital
moblie,mobile
persoanl,personal
refudn,refund
oevrdraft,overdraft
spendign,spending
pin,pin
schdeule,schedule
pin,pin
bakn,bank
balnace,balance
investmnet,investment
csahback,cashback
psasword,password
pin,pin
uesr,user
deivce,device
savnigs,savings
fese,fees
inusrance,insurance
cadr,card
gateawy,gateway
usre,user
uesr,user
onlnie,online
password,password
bnous,bonus
blaance,balance
remittance,remittance
vlaidation,validation
slaary,salary
sattement,statement
otp,otp
brnach,branch
wtihdrawal,withdrawal
app,app
bduget,budget
withdrwaal,withdrawal
staetment,statement
beneficiray,beneficiary
lona,loan
shcedule,schedule
savinsg,savings
usre,user
acconut,account
rtae,rate
guarnatee,guarantee
crad,card
fudn,fund
vouhcer,voucher
pin,pin
laon,loan
fudn,fund
vuocher,voucher
cusotmer,customer
beenficiary,beneficiary
depoist,deposit
moible,mobile
tarnsfer,transfer
digitla,digital
turst,trust
gatweay,gateway
authenticaiton,authentication
chqeue,cheque
invetsment,investment
savigns,savings
voucehr,voucher
riks,risk
cahrge,charge
chrage,charge
bneeficiary,beneficiary
fnud,fund
ldeger,ledger
bill,bill
cahsback,cashback
balanec,balance
deibt,debit
wlalet,wallet
wrie,wire
csah,cash
riks,risk
chrage,charge
creidt,credit
custoemr,customer
withdarw,withdraw
currecny,currency
wallte,wallet
voucehr,voucher
uprgade,upgrade
notifictaion,notification
bonsu,bonus
overdratf,overdraft
securiyt,security
trasnaction,transaction
transaciton,transaction
wrie,wire
sttaement,statement
mortagge,mortgage
mboile,mobile
blaance,balance
deibt,debit
vaildation,validation
truts,trust
otp,otp
invsetment,investment
mortggae,mortgage
lona,loan
paymnet,payment
lona,loan
rceeipt,receipt
tokne,token
tax,tax
moblie,mobile
moible,mobile
guaarntee,guarantee
cadr,card
laon,loan
tax,tax
fnud,fund
inusrance,insurance
validatino,validation
lona,loan
interset,interest
balnace,balance
chqeue,cheque
wtihdraw,withdraw
budgte,budget
investmnet,investment
bduget,budget
rtae,rate
fruad,fraud
proift,profit
refnud,refund
cadr,card
bnak,bank
app,app
proteciton,protection
inusrance,insurance
gatewya,gateway
lokc,lock
witdhrawal,withdrawal
valdiation,validation
mortgaeg,mortgage
pyament,payment
accoutn,account
riks,risk
notifiaction,notification
tokne,token
bakn,bank
crad,card
accuont,account
depoist,deposit
rmeittance,remittance
wihtdrawal,withdrawal
trnasaction,transaction
riks,risk
wrie,wire
pyament,payment
gatewya,gateway
gatweay,gateway
fese,fees
deposti,deposit
protectoin,protection
wrie,wire
profti,profit
pin,pin
inevstment,investment
bugdeting,budgeting
cashbakc,cashback
reigstration,registration
witdhraw,withdraw
receitp,receipt
cadr,card
bnak,bank
tax,tax
withrdawal,withdrawal
dbeit,debit
transfre,transfer
cashabck,cashback
bdugeting,budgeting
vocuher,voucher
investemnt,investment
upgraed,upgrade
stateemnt,statement
raet,rate
depsoit,deposit
lokc,lock
farud,fraud
bdugeting,budgeting
notiifcation,notification
overdarft,overdraft
payemnt,payment
fudn,fund
dsahboard,dashboard
deopsit,deposit
balacne,balance
overdratf,overdraft
cadr,card
bduget,budget
tax,tax
transcation,transaction
morgtage,mortgage
wier,wire
vouchre,voucher
csutomer,customer
sattement,statement
personla,personal
pamyent,payment
mboile,mobile
app,app
beenficiary,beneficiary
ugprade,upgrade
bneeficiary,beneficiary
savigns,savings
beenficiary,beneficiary
rgeistration,registration
saalry,salary
mobiel,mobile
portfoilo,portfolio
reecipt,receipt
reimttance,remittance
svaings,savings
deibt,debit
lcok,lock
dashboadr,dashboard
prtoection,protection
fradu,fraud
investmnet,investment
lcok,lock
saivngs,savings
cadr,card
tokne,token
uprgade,upgrade
cadr,card
trsut,trust
spenidng,spending
guarnatee,guarantee
securtiy,security
transactino,transaction
fese,fees
cusotmer,customer
notfiication,notification
truts,trust
app,app
vlaidation,validation
lcok,lock
profti,profit
fees,fees
lona,loan
rsik,risk
mobiel,mobile
receitp,receipt
payemnt,payment
mortgaeg,mortgage
secruity,security
brnach,branch
crad,card
statemnet,statement
investmnet,investment
interets,interest
dpeosit,deposit
cashbakc,cashback
notifiaction,notification
supoprt,support
onlien,online
crad,card
acconut,account
overdarft,overdraft
turst,trust
spedning,spending
accuont,account
passwrod,password
fudn,fund
proteciton,protection
bouns,bonus
depoist,deposit
spenidng,spending
wallte,wallet
dsahboard,dashboard
paymnet,payment
limti,limit
cahsback,cashback
documnet,document
toekn,token
budgetign,budgeting
bnak,bank
baalnce,balance
isntallment,installment
currenyc,currency
pyament,payment
mrotgage,mortgage
lcok,lock
otp,otp
truts,trust
investemnt,investment
dgiital,digital
pin,pin
pin,pin
rfeund,refund
crad,card
devcie,device
rfeund,refund
cashabck,cashback
mobiel,mobile
uesr,user
trnasaction,transaction
moible,mobile
beneficairy,beneficiary
app,app
deposti,deposit
refnud,refund
casbhack,cashback
remitatnce,remittance
tarnsfer,transfer
barnch,branch
pin,pin
upgarde,upgrade
otp,otp
tax,tax
sttaement,statement
dashboadr,dashboard
accoutn,account
depoist,deposit
bakn,bank
cheuqe,cheque
trnasaction,transaction
savigns,savings
passwodr,password
protfolio,portfolio
benfeiciary,beneficiary
rsik,risk
cusotmer,customer
scheudle,schedule
notificatoin,notification
tax,tax
finnace,finance
slaary,salary
scheduel,schedule
pamyent,payment
otp,otp
balacne,balance
upgraed,upgrade
fniance,finance
remittance,remittance
pamyent,payment
beneficiayr,beneficiary
gatweay,gateway
app,app
barnch,branch
svaings,savings
interset,interest
onilne,online
bnak,bank
rceeipt,receipt
tkoen,token
interset,interest
installmnet,installment
otp,otp
withdarwal,withdrawal
password,password
mboile,mobile
prfoit,profit
inetrest,interest
custmoer,customer
diigtal,digital
itnerest,interest
dpeosit,deposit
secuirty,security
invsetment,investment
morgtage,mortgage
cahrge,charge
casbhack,cashback
finacne,finance
lona,loan
legder,ledger
tax,tax
reufnd,refund
docuemnt,document
guraantee,guarantee
bnak,bank
bakn,bank
benfeiciary,beneficiary
inteerst,interest
tarnsaction,transaction
notfiication,notification
guarantee,guarantee
refnud,refund
valiadtion,validation
cadr,card
docuemnt,document
fudn,fund
proteciton,protection
rceeipt,receipt
gaurantee,guarantee
chqeue,cheque
deopsit,deposit
validtaion,validation
validaiton,validation
fudn,fund
dpeosit,deposit
budegting,budgeting
reufnd,refund
budgetign,budgeting
transactino,transaction
digiatl,digital
rsik,risk
ledgre,ledger
refnud,refund
balacne,balance
svaings,savings
currency,currency
dveice,device
deibt,debit
saivngs,savings
rfeund,refund
salayr,salary
bouns,bonus
vouchre,voucher
pin,pin
fruad,fraud
gateawy,gateway
balacne,balance
morgtage,mortgage
docmuent,document
mobiel,mobile
bouns,bonus
budegting,budgeting
tranfser,transfer
bduget,budget
scheudle,schedule
pamyent,payment
currnecy,currency
withdarwal,withdrawal
insuranec,insurance
bakn,bank
lona,loan
morgtage,mortgage
limti,limit
gatweay,gateway
trasnaction,transaction
transaciton,transaction
lmiit,limit
chagre,charge
bnak,bank
turst,trust
rfeund,refund
validtaion,validation
crdeit,credit
vaildation,validation
savinsg,savings
uesr,user
deopsit,deposit
currenyc,currency
tarnsfer,transfer
chqeue,cheque
itnerest,interest
supoprt,support
acconut,account
beenficiary,beneficiary
overdrfat,overdraft
beenficiary,beneficiary
trasnaction,transaction
balacne,balance
fruad,fraud
cadr,card
csah,cash
insruance,insurance
rsik,risk
crurency,currency
baalnce,balance
credti,credit
liimt,limit
overrdaft,overdraft
cahs,cash
vocuher,voucher
wrie,wire
deopsit,deposit
overdrfat,overdraft
passowrd,password
installemnt,installment
mrotgage,mortgage
acocunt,account
app,app
app,app
protcetion,protection
persnoal,personal
walelt,wallet
reecipt,receipt
bduget,budget
inusrance,insurance
app,app
proift,profit
cheqeu,cheque
validtaion,validation
turst,trust
onilne,online
authentiaction,authentication
trnasaction,transaction
notificatoin,notification
bakn,bank
gaetway,gateway
registratino,registration
legder,ledger
tax,tax
rfeund,refund
withdraawl,withdrawal
crad,card
ledgre,ledger
remitatnce,remittance
statemetn,statement
transcation,transaction
baalnce,balance
fees,fees
cadr,card
uesr,user
investemnt,investment
savinsg,savings
savigns,savings
liimt,limit
remittance,remittance
guaarntee,guarantee
sttaement,statement
tranasction,transaction
transactoin,transaction
tax,tax
toekn,token
lona,loan
witdhrawal,withdrawal
otp,otp
pin,pin
lokc,lock
spenidng,spending
prfoit,profit
lmiit,limit
cahs,cash
onlien,online
bill,bill
savinsg,savings
laon,loan
bakn,bank
otp,otp
wier,wire
withrdawal,withdrawal
saalry,salary
balanec,balance
persnoal,personal
balanec,balance
cadr,card
transactoin,transaction
wier,wire
pin,pin
bouns,bonus
protfolio,portfolio
tax,tax
finanec,finance
dbeit,debit
wihtdrawal,withdrawal
ldeger,ledger
barnch,branch
installmnet,installment
cadr,card
salayr,salary
finacne,finance
overdrfat,overdraft
spenidng,spending
credti,credit
rfeund,refund
wrie,wire
vouchre,voucher
uesr,user
bnous,bonus
pin,pin
fudn,fund
protectoin,protection
tokne,token
liimt,limit
raet,rate
currency,currency
beneficiayr,beneficiary
currecny,currency
lokc,lock
lokc,lock
notfiication,notification
trnasaction,transaction
crad,card
otp,otp
budegting,budgeting
customre,customer
tkoen,token
transaciton,transaction
notificatoin,notification
validtaion,validation
inusrance,insurance
dsahboard,dashboard
finanec,finance
vouhcer,voucher
lcok,lock
cheqeu,cheque
beenficiary,beneficiary
depoist,deposit
rtae,rate
wier,wire
withdarw,withdraw
spuport,support
protetcion,protection
invsetment,investment
usre,user
rsik,risk
crad,card
budgteing,budgeting
vuocher,voucher
diigtal,digital
cashabck,cashback
custmoer,customer
trnasaction,transaction
acocunt,account
intreest,interest
usre,user
usre,user
customre,customer
authenticaiton,authentication
guaranete,guarantee
app,app
pin,pin
paymnet,payment
guaarntee,guarantee
voucehr,voucher
uprgade,upgrade
guarantee,guarantee
wrie,wire
statemetn,statement
bonsu,bonus
dahsboard,dashboard
mobiel,mobile
guarnatee,guarantee
transactino,transaction
balnace,balance
toekn,token
savigns,savings
spuport,support
pesronal,personal
guarnatee,guarantee
mboile,mobile
notiifcation,notification
wier,wire
sttaement,statement
remittnace,remittance
limti,limit
pin,pin
salayr,salary
wrie,wire
csahback,cashback
wrie,wire
lona,loan
diigtal,digital
budgetnig,budgeting
withrdaw,withdraw
mortagge,mortgage
laon,loan
devcie,device
dveice,device
tokne,token
trnasfer,transfer
transaciton,transaction
cheqeu,cheque
csutomer,customer
balanec,balance
chqeue,cheque
usre,user
insurnace,insurance
csah,cash
vlaidation,validation
budgeitng,budgeting
savinsg,savings
gaurantee,guarantee
interset,interest
otp,otp
onilne,online
wier,wire
protectino,protection
app,app
dashboadr,dashboard
lona,loan
isntallment,installment
deibt,debit
bneeficiary,beneficiary
wihtdraw,withdraw
cheuqe,cheque
bduget,budget
acocunt,account
uesr,user
validatoin,validation
depoist,deposit
mortgaeg,mortgage
lcok,lock
slaary,salary
password,password
fese,fees
olnine,online
lona,loan
bneeficiary,beneficiary
bakn,bank
paswsord,password
bonsu,bonus
rtae,rate
mobiel,mobile
ledgre,ledger
crad,card
notifictaion,notification
remittnace,remittance
blaance,balance
rmeittance,remittance
farud,fraud
staetment,statement
lona,loan
cadr,card
riks,risk
cusotmer,customer
mrotgage,mortgage
intreest,interest
fese,fees
riks,risk
laon,loan
transaciton,transaction
invesmtent,investment
ugprade,upgrade
authnetication,authentication
bnous,bonus
benefiicary,beneficiary
rtae,rate
savigns,savings
tkoen,token
voucehr,voucher
insuracne,insurance
trnasaction,transaction
csutomer,customer
lona,loan
ivnestment,investment
savnigs,savings
pin,pin
farud,fraud
cashabck,cashback
chagre,charge
salayr,salary
portfloio,portfolio
usre,user
regsitration,registration
wier,wire
spendnig,spending
guaratnee,guarantee
acocunt,account
fees,fees
paymnet,payment
pesronal,personal
docmuent,document
vaildation,validation
atuhentication,authentication
vocuher,voucher
deviec,device
lcok,lock
tranfser,transfer
invetsment,investment
app,app
pyament,payment
vouhcer,voucher
usre,user
bill,bill
validaiton,validation
beneficairy,beneficiary
mrotgage,mortgage
salayr,salary
staetment,statement
budgetnig,budgeting
statemetn,statement
gateawy,gateway
app,app
mobiel,mobile
csahback,cashback
account,account
wier,wire
bill,bill
instalmlent,installment
currency,currency
sttaement,statement
cashbakc,cashback
inteerst,interest
ugprade,upgrade
wrie,wire
transfre,transfer
diigtal,digital
insuracne,insurance
tranfser,transfer
fiannce,finance
tax,tax
supoprt,support
personla,personal
walelt,wallet
suppotr,support
wrie,wire
gtaeway,gateway
crad,card
statmeent,statement
cheuqe,cheque
svaings,savings
legder,ledger
laon,loan
bakn,bank
chagre,charge
balnace,balance
passwodr,password
beneficiray,beneficiary
payemnt,payment
bakn,bank
bouns,bonus
uesr,user
notificatoin,notification
bnous,bonus
toekn,token
budgeitng,budgeting
registartion,registration
inteerst,interest
farud,fraud
blaance,balance
balacne,balance
statmeent,statement
valdiation,validation
transatcion,transaction
moblie,mobile
potrfolio,portfolio
currecny,currency
mortggae,mortgage
barnch,branch
lmiit,limit
currecny,currency
wlalet,wallet
onlien,online
deposti,deposit
uesr,user
bill,bill
crdeit,credit
upgraed,upgrade
notificatino,notification
trasnfer,transfer
validatoin,validation
withdarwal,withdrawal
upgraed,upgrade
statemnet,statement
bracnh,branch
tax,tax
mrotgage,mortgage
cadr,card
dpeosit,deposit
crurency,currency
digtial,digital
turst,trust
pin,pin
usre,user
trsut,trust
balacne,balance
tax,tax
cashabck,cashback
vouchre,voucher
guarnatee,guarantee
transatcion,transaction
blil,bill
investemnt,investment
wier,wire
wier,wire
cheuqe,cheque
cusotmer,customer
gateawy,gateway
investmnet,investment
benefiicary,beneficiary
usre,user
saalry,salary
withdarwal,withdrawal
branhc,branch
paymetn,payment
validtaion,validation
digiatl,digital
porfit,profit
usre,user
otp,otp
registratino,registration
cadr,card
fees,fees
paymetn,payment
remittance,remittance
crad,card
fiannce,finance
gatweay,gateway
chareg,charge
vouchre,voucher
insuranec,insurance
benfeiciary,beneficiary
schedlue,schedule
cerdit,credit
otp,otp
witdhrawal,withdrawal
benefciiary,beneficiary
authenitcation,authentication
doucment,document
usre,user
withdraawl,withdrawal
invsetment,investment
spedning,spending
uesr,user
salray,salary
account,account
dashborad,dashboard
morgtage,mortgage
rsik,risk
baalnce,balance
scehdule,schedule
transactino,transaction
baalnce,balance
portfoilo,portfolio
protectoin,protection
chqeue,cheque
wier,wire
oevrdraft,overdraft
turst,trust
bakn,bank
bill,bill
transcation,transaction
transatcion,transaction
refudn,refund
bill,bill
finnace,finance
fnud,fund
fnud,fund
bakn,bank
fees,fees
debti,debit
password,password
lcok,lock
app,app
transatcion,transaction
dcoument,document
credti,credit
csah,cash
upgraed,upgrade
valdiation,validation
rsik,risk
scheudle,schedule
cahs,cash
doucment,document
vuocher,voucher
fiannce,finance
cehque,cheque
depoist,deposit
mortggae,mortgage
wier,wire
ugprade,upgrade
voucehr,voucher
gatewya,gateway
beneficiayr,beneficiary
vuocher,voucher
usre,user
baalnce,balance
secruity,security
guaarntee,guarantee
valiadtion,validation
validatoin,validation
vouchre,voucher
cutsomer,customer
wtihdraw,withdraw
registratino,registration
doucment,document
rtae,rate
rgeistration,registration
reimttance,remittance
custmoer,customer
raet,rate
suppotr,support
otp,otp
turst,trust
sttaement,statement
investmnet,investment
balacne,balance
paymetn,payment
mortagge,mortgage
sepnding,spending
fradu,fraud
accoutn,account
wtihdrawal,withdrawal
bakn,bank
moblie,mobile
savigns,savings
diigtal,digital
blaance,balance
proift,profit
walelt,wallet
profti,profit
depsoit,deposit
fradu,fraud
lcok,lock
fnud,fund
crad,card
spneding,spending
tokne,token
trasnaction,transaction
deibt,debit
wihtdrawal,withdrawal
crad,card
brnach,branch
installemnt,installment
upgarde,upgrade
autehntication,authentication
wrie,wire
guraantee,guarantee
transcation,transaction
gaetway,gateway
upgrdae,upgrade
motrgage,mortgage
withrdaw,withdraw
blaance,balance
porftolio,portfolio
savigns,savings
mboile,mobile
deopsit,deposit
laon,loan
trasnaction,transaction
payemnt,payment
lmiit,limit
inevstment,investment
dpeosit,deposit
investemnt,investment
stateemnt,statement
devcie,device
fees,fees
securiyt,security
transcation,transaction
inteerst,interest
staetment,statement
vuocher,voucher
balacne,balance
gatweay,gateway
benfeiciary,beneficiary
otp,otp
otp,otp
insuarnce,insurance
balnace,balance
bracnh,branch
investmetn,investment
beneficairy,beneficiary
depoist,deposit
blil,bill
tax,tax
walelt,wallet
farud,fraud
diigtal,digital
cahrge,charge
tranasction,transaction
ivnestment,investment
rceeipt,receipt
securtiy,security
bdugeting,budgeting
fiannce,finance
securtiy,security
beenficiary,beneficiary
olnine,online
devcie,device
depsoit,deposit
depsoit,deposit
reecipt,receipt
scheduel,schedule
diigtal,digital
inevstment,investment
motrgage,mortgage
tax,tax
onilne,online
balacne,balance
bdugeting,budgeting
valiadtion,validation
wier,wire
deivce,device
bill,bill
transactino,transaction
tax,tax
trasnaction,transaction
saivngs,savings
wrie,wire
bakn,bank
olnine,online
svaings,savings
reufnd,refund
reciept,receipt
docuemnt,document
rtae,rate
debti,debit
devcie,device
moblie,mobile
chrage,charge
proteciton,protection
branhc,branch
scheudle,schedule
fese,fees
bakn,bank
balanec,balance
otp,otp
deivce,device
notificatoin,notification
transefr,transfer
savnigs,savings
debti,debit
rfeund,refund
porfit,profit
truts,trust
potrfolio,portfolio
guraantee,guarantee
wrie,wire
staetment,statement
cadr,card
invesmtent,investment
legder,ledger
deivce,device
limti,limit
wihtdrawal,withdrawal
saivngs,savings
onlnie,online
vouhcer,voucher
mrotgage,mortgage
laon,loan
withdraawl,withdrawal
valdiation,validation
remtitance,remittance
bouns,bonus
regsitration,registration
installemnt,installment
protfolio,portfolio
trasnaction,transaction
laon,loan
fnud,fund
cadr,card
bakn,bank
validtaion,validation
validtaion,validation
tarnsaction,transaction
rfeund,refund
paymetn,payment
slaary,salary
pin,pin
beenficiary,beneficiary
saivngs,savings
fnud,fund
atuhentication,authentication
refudn,refund
sepnding,spending
app,app
blaance,balance
bugdet,budget
instalmlent,installment
saivngs,savings
registratoin,registration
valiadtion,validation
wlalet,wallet
receitp,receipt
otp,otp
trsut,trust
pamyent,payment
authenticatino,authentication
depsoit,deposit
pin,pin
gaetway,gateway
tax,tax
dbeit,debit
cehque,cheque
moblie,mobile
chagre,charge
legder,ledger
rtae,rate
crad,card
otp,otp
trasnfer,transfer
bnak,bank
pyament,payment
laon,loan
investmnet,investment
voucehr,voucher
wrie,wire
supoprt,support
withrdawal,withdrawal
tarnsaction,transaction
usre,user
rsik,risk
invetsment,investment
blaance,balance
balanec,balance
digtial,digital
paymnet,payment
creidt,credit
otp,otp
documnet,document
usre,user
finacne,finance
wier,wire
dahsboard,dashboard
guaarntee,guarantee
baalnce,balance
app,app
staetment,statement
rfeund,refund
support,support
bdugeting,budgeting
gtaeway,gateway
limti,limit
trnasaction,transaction
chrage,charge
remitatnce,remittance
spendnig,spending
registratino,registration
truts,trust
deviec,device
slaary,salary
intreest,interest
bouns,bonus
bakn,bank
wier,wire
documetn,document
remittnace,remittance
transactino,transaction
ovedrraft,overdraft
trasnaction,transaction
uesr,user
statemetn,statement
transaciton,transaction
withdrwaal,withdrawal
wrie,wire
valiadtion,validation
staetment,statement
rmeittance,remittance
blaance,balance
regsitration,registration
balanec,balance
password,password
bill,bill
digitla,digital
voucehr,voucher
proteciton,protection
motrgage,mortgage
raet,rate
tax,tax
reufnd,refund
barnch,branch
spuport,support
accuont,account
blil,bill
lona,loan
gtaeway,gateway
onlnie,online
usre,user
withdarwal,withdrawal
cadr,card
blaance,balance
fese,fees
bakn,bank
limti,limit
transactoin,transaction
transactoin,transaction
saivngs,savings
mortagge,mortgage
fudn,fund
wrie,wire
authentictaion,authentication
documetn,document
savigns,savings
chareg,charge
remittanec,remittance
intsallment,installment
finacne,finance
rsik,risk
presonal,personal
wallte,wallet
ivnestment,investment
investmnet,investment
benefciiary,beneficiary
portfoloi,portfolio
fnud,fund
trnasaction,transaction
securtiy,security
dpeosit,deposit
transactino,transaction
psasword,password
pin,pin
onlnie,online
fruad,fraud
deposti,deposit
mortgaeg,mortgage
laon,loan
noitfication,notification
pin,pin
rceeipt,receipt
ivnestment,investment
transatcion,transaction
intreest,interest
usre,user
tranfser,transfer
raet,rate
wallet,wallet
savinsg,savings
creidt,credit
fudn,fund
protetcion,protection
withdraawl,withdrawal
depsoit,deposit
fudn,fund
curerncy,currency
password,password
dashobard,dashboard
itnerest,interest
budgte,budget
regitsration,registration
raet,rate
chareg,charge
lmiit,limit
app,app
bakn,bank
truts,trust
beneficairy,beneficiary
accoutn,account
turst,trust
crad,card
cashbcak,cashback
rfeund,refund
deopsit,deposit
lcok,lock
doucment,document
staetment,statement
wrie,wire
bnak,bank
depoist,deposit
otp,otp
porfit,profit
riks,risk
uesr,user
paymnet,payment
investemnt,investment
invesmtent,investment
rfeund,refund
scheudle,schedule
lokc,lock
perosnal,personal
savinsg,savings
valdiation,validation
rsik,risk
sattement,statement
withdraawl,withdrawal
lona,loan
finnace,finance
wrie,wire
seucrity,security
refudn,refund
balacne,balance
finacne,finance
benefiicary,beneficiary
instalmlent,installment
pin,pin
pamyent,payment
withrdawal,withdrawal
staetment,statement
csah,cash
cerdit,credit
investmnet,investment
instalmlent,installment
walelt,wallet
chagre,charge
creidt,credit
wrie,wire
limti,limit
budgteing,budgeting
withdraawl,withdrawal
rtae,rate
cheuqe,cheque
finnace,finance
gatewya,gateway
portoflio,portfolio
bakn,bank
pin,pin
dbeit,debit
beneficiray,beneficiary
cahrge,charge
uesr,user
password,password
ivnestment,investment
valdiation,validation
fradu,fraud
wier,wire
bugdet,budget
budegting,budgeting
currnecy,currency
currecny,currency
sttaement,statement
finanec,finance
fradu,fraud
withrdawal,withdrawal
depoist,deposit
svaings,savings
tax,tax
truts,trust
savnigs,savings
investmetn,investment
prfoit,profit
trasnfer,transfer
personla,personal
porfit,profit
invetsment,investment
wrie,wire
salayr,salary
upgraed,upgrade
trasnfer,transfer
pesronal,personal
usre,user
vocuher,voucher
salray,salary
investemnt,investment
invetsment,investment
profti,profit
limti,limit
blil,bill
